{
  "format_version": "1.8.0",
  "animations": {
    "animation.jsart_cryinggirl.idle": {
      "loop": true,
      "bones": {
        "RightLeg2": {
          "position": [
            0,
            0,
            0
          ]
        },
        "LeftLeg2": {
          "position": [
            0,
            0,
            0
          ]
        }
      }
    },
    "animation.jsart_cryinggirl.mad": {
      "loop": true,
      "animation_length": 0.5,
      "bones": {
        "bone": {
          "rotation": {
            "0.0": [
              -20,
              0,
              0
            ],
            "0.1667": [
              5,
              0,
              0
            ],
            "0.5": [
              5,
              0,
              0
            ]
          }
        },
        "RightLeg2": {
          "rotation": {
            "0.0": [
              17.25211892044399,
              20.937176188542253,
              25.439756139536257
            ],
            "0.25": [
              48.96308333395973,
              16.25942527709498,
              17.496642377332083
            ],
            "0.5": [
              48.96308333395973,
              16.25942527709498,
              17.496642377332083
            ]
          }
        },
        "LeftLeg2": {
          "rotation": {
            "0.0": [
              17.907049175268185,
              -26.40995491927788,
              -26.28134639490918
            ],
            "0.25": [
              10.847198496927522,
              -16.576827961625586,
              0.05393586036663578
            ],
            "0.5": [
              10.847198496927522,
              -16.576827961625586,
              0.05393586036663578
            ]
          }
        }
      }
    },
    "animation.jsart_cryinggirl.new1": {
      "loop": true
    },
    "animation.jsart_cryinggirl.new2": {
      "loop": true
    },
    "animation.jsart_cryinggirl.new3": {
      "loop": true
    },
    "animation.jsart_cryinggirl.new4": {
      "loop": true,
      "animation_length": 8,
      "bones": {
        "bone": {
          "rotation": {
            "0.0": [
              80,
              0,
              0
            ],
            "8.0": [
              80,
              0,
              0
            ]
          },
          "position": {
            "0.0": [
              0,
              -3,
              0
            ],
            "8.0": [
              0,
              -3,
              0
            ]
          }
        },
        "RightLeg2": {
          "rotation": {
            "0.0": [
              -91.34834663789707,
              8.275497988628103,
              -50.90572904527244
            ],
            "8.0": [
              -91.34834663789707,
              8.275497988628103,
              -50.90572904527244
            ]
          },
          "position": [
            -2,
            0,
            -1
          ]
        },
        "LeftLeg2": {
          "rotation": {
            "0.0": [
              -94.98558481364353,
              -8.742554554175513,
              46.2873725825325
            ],
            "8.0": [
              -94.98558481364353,
              -8.742554554175513,
              46.2873725825325
            ]
          },
          "position": {
            "0.0": [
              2,
              0,
              -1
            ],
            "8.0": [
              1,
              0,
              -1
            ]
          }
        }
      }
    },
    "animation.jsart_cryinggirl.new5": {
      "loop": true,
      "animation_length": 0.5
    },
    "animation.jsart_cryinggirl.walk": {
      "loop": true,
      "animation_length": 1,
      "bones": {
        "RightLeg2": {
          "position": {
            "0.0": [
              0,
              0,
              6
            ],
            "0.2": {
              "pre": [
                0,
                0,
                6
              ],
              "post": [
                0,
                -10,
                4
              ]
            },
            "0.5": {
              "pre": [
                0,
                -10,
                4
              ],
              "post": [
                0,
                0,
                -6
              ]
            },
            "0.9": [
              0,
              0,
              6
            ],
            "1.0": [
              0,
              0,
              6
            ]
          }
        },
        "LeftLeg2": {
          "position": {
            "0.0": [
              0,
              0,
              -6
            ],
            "0.5": [
              0,
              0,
              6
            ],
            "0.8": [
              0,
              0,
              6
            ],
            "0.9": [
              0,
              -10,
              6
            ],
            "1.0": [
              0,
              -10,
              6
            ]
          }
        }
      }
    }
  }
}