{
  "format_version": "1.8.0",
  "animations": {
    "animation.jsart_victism16.idle": {
      "loop": true,
      "animation_length": 1.5,
      "blend_weight": "0.8",
      "bones": {
        "LeftLeg2": {
          "rotation": {
            "0.0": [
              0,
              0,
              -2.5
            ],
            "0.5417": [
              0,
              0,
              2.5
            ],
            "1.0": [
              0,
              0,
              -12.5
            ],
            "1.5": [
              0,
              0,
              -2.5
            ]
          }
        },
        "RightLeg2": {
          "rotation": {
            "0.0": [
              0,
              0,
              2.5
            ],
            "0.5417": [
              0,
              0,
              -5
            ],
            "1.0": [
              0,
              0,
              12.5
            ],
            "1.5": [
              0,
              0,
              2.5
            ]
          }
        },
        "body": {
          "rotation": {
            "0.0": [
              20,
              0,
              0
            ],
            "0.5417": [
              7.5,
              0,
              0
            ],
            "1.0": [
              20,
              0,
              0
            ],
            "1.5": [
              20,
              0,
              0
            ]
          },
          "position": {
            "0.0": [
              0,
              0,
              0
            ],
            "0.5417": [
              0,
              0,
              1
            ],
            "1.0": [
              0,
              0,
              1
            ],
            "1.5": [
              0,
              0,
              0
            ]
          }
        },
        "head": {
          "rotation": {
            "0.0": [
              12.5,
              0,
              0
            ],
            "0.25": [
              15,
              0,
              0
            ],
            "0.5417": [
              6.632274867278738,
              -7.3528246359819605,
              3.7591198953168714
            ],
            "0.7917": [
              12.18828012719443,
              1.7895168890671085,
              -8.21128817907298
            ],
            "1.0": [
              12.5,
              0,
              0
            ],
            "1.5": [
              12.5,
              0,
              0
            ]
          }
        },
        "RightArm": {
          "rotation": {
            "0.0": [
              -15,
              0,
              0
            ],
            "0.25": [
              -17.192123734020242,
              28.879094017427633,
              -8.498780703477678
            ],
            "0.5417": [
              -15,
              0,
              0
            ],
            "0.7917": [
              -16.808573432743287,
              26.488290763662008,
              -7.673404337579541
            ],
            "1.0": [
              -15,
              0,
              0
            ],
            "1.2917": [
              -14.986714424101592,
              -0.5962937856620556,
              -2.226167612905556
            ],
            "1.5": [
              -15,
              0,
              0
            ]
          }
        },
        "LeftArm": {
          "rotation": {
            "0.0": [
              -25,
              0,
              0
            ],
            "0.25": [
              -28.300052432747634,
              -26.946215262628357,
              13.712170192201938
            ],
            "0.5417": [
              -25,
              0,
              0
            ],
            "0.7917": [
              -30.44564707361178,
              -33.485451203197044,
              17.967173509337044
            ],
            "1.0": [
              -25,
              0,
              0
            ],
            "1.2917": [
              -24.8237585432571,
              2.94417633688181,
              6.335202126841978
            ],
            "1.5": [
              -25,
              0,
              0
            ]
          }
        },
        "Booba": {
          "rotation": {
            "0.0": [
              0,
              0,
              0
            ],
            "0.375": [
              10,
              0,
              0
            ],
            "0.625": [
              -9.170000000000002,
              0,
              0
            ],
            "0.75": [
              0,
              0,
              0
            ],
            "0.8333": [
              7.5,
              0,
              0
            ],
            "1.0": [
              -1.8600000000000003,
              0,
              0
            ],
            "1.2083": [
              8.969999999999999,
              0,
              0
            ],
            "1.375": [
              -1.1600000000000001,
              0,
              0
            ],
            "1.5": [
              0,
              0,
              0
            ]
          }
        },
        "Booba2": {
          "rotation": {
            "0.0": [
              0,
              0,
              0
            ],
            "0.3333": [
              2.5,
              0,
              0
            ],
            "0.5833": [
              5,
              0,
              0
            ],
            "0.75": [
              -2.5,
              0,
              0
            ],
            "1.0": [
              0,
              0,
              0
            ]
          }
        },
        "Saia": {
          "rotation": {
            "0.0": [
              7.5,
              0,
              0
            ],
            "0.5417": [
              7.5,
              0,
              0
            ],
            "1.0": [
              7.5,
              0,
              0
            ],
            "1.5": [
              7.5,
              0,
              0
            ]
          }
        },
        "bone": {
          "rotation": {
            "0.0": [
              -2.5,
              0,
              0
            ],
            "0.375": [
              -10,
              0,
              0
            ],
            "0.9167": [
              6.03,
              0,
              0
            ],
            "1.5": [
              -2.5,
              0,
              0
            ]
          },
          "position": {
            "0.0": [
              0,
              0,
              0
            ],
            "1.0417": [
              0,
              2,
              0
            ],
            "1.5": [
              0,
              0,
              0
            ]
          }
        }
      }
    },
    "animation.jsart_victism16.run": {
      "loop": true,
      "animation_length": 1.5,
      "blend_weight": "0.8",
      "bones": {
        "LeftLeg2": {
          "rotation": [
            22.025533723779063,
            -0.31921200525584936,
            -6.075663252324375
          ]
        },
        "RightLeg2": {
          "rotation": [
            15.72981890427127,
            1.136538946498149,
            7.271165894161186
          ]
        },
        "body": {
          "rotation": {
            "0.0": [
              20,
              0,
              0
            ],
            "0.5417": [
              7.5,
              0,
              0
            ],
            "1.0": [
              20,
              0,
              0
            ],
            "1.5": [
              20,
              0,
              0
            ]
          },
          "position": {
            "0.0": [
              0,
              0,
              0
            ],
            "0.5417": [
              0,
              0,
              1
            ],
            "1.0": [
              0,
              0,
              1
            ],